Workbook

Sheet 大阪 (祝日の希望到着日判断あり) (2)
F1: 11列 | G1: 出荷予定日 | H1: 希望到着日 | I1: 14列 | J1: 确认 | P1: 21列 | Q1: 22列 | R1: 23列 | S1: 24列 | T1: 25列
G2: {=WORKDAY(H2,-VLOOKUP(E2,エリア!A:B,2,FALSE),_xlfn._xlws.FILTER(カレンダ!A:A,カレンダ!B:B="×"))} -> #N/A | J2: =IF(H2<>"","✔","")
G3: {=WORKDAY(H3,-VLOOKUP(E3,エリア!A:B,2,FALSE),_xlfn._xlws.FILTER(カレンダ!A:A,カレンダ!B:B="×"))} -> #N/A | J3: =IF(H3<>"","✔","")
G4: {=WORKDAY(H4,-VLOOKUP(E4,エリア!A:B,2,FALSE),_xlfn._xlws.FILTER(カレンダ!A:A,カレンダ!B:B="×"))} -> #N/A | J4: =IF(H4<>"","✔","")
G5: {=WORKDAY(H5,-VLOOKUP(E5,エリア!A:B,2,FALSE),_xlfn._xlws.FILTER(カレンダ!A:A,カレンダ!B:B="×"))} -> #N/A | J5: =IF(H5<>"","✔","")
G6: {=WORKDAY(H6,-VLOOKUP(E6,エリア!A:B,2,FALSE),_xlfn._xlws.FILTER(カレンダ!A:A,カレンダ!B:B="×"))} -> #N/A | J6: =IF(H6<>"","✔","")
G7: {=WORKDAY(H7,-VLOOKUP(E7,エリア!A:B,2,FALSE),_xlfn._xlws.FILTER(カレンダ!A:A,カレンダ!B:B="×"))} -> #N/A | J7: =IF(H7<>"","✔","")
G8: {=WORKDAY(H8,-VLOOKUP(E8,エリア!A:B,2,FALSE),_xlfn._xlws.FILTER(カレンダ!A:A,カレンダ!B:B="×"))} -> #N/A | J8: =IF(H8<>"","✔","")
G10: {=WORKDAY(H10,-VLOOKUP(E10,エリア!A:B,2,FALSE),_xlfn._xlws.FILTER(カレンダ!A:A,カレンダ!B:B="×"))} -> #N/A | J10: =IF(H10<>"","✔","")
G11: {=WORKDAY(H11,-VLOOKUP(E11,エリア!A:B,2,FALSE),_xlfn._xlws.FILTER(カレンダ!A:A,カレンダ!B:B="×"))} -> #N/A | J11: =IF(H11<>"","✔","")
G12: {=WORKDAY(H12,-VLOOKUP(E12,エリア!A:B,2,FALSE),_xlfn._xlws.FILTER(カレンダ!A:A,カレンダ!B:B="×"))} -> #N/A | J12: =IF(H12<>"","✔","")
G13: {=WORKDAY(H13,-VLOOKUP(E13,エリア!A:B,2,FALSE),_xlfn._xlws.FILTER(カレンダ!A:A,カレンダ!B:B="×"))} -> #N/A | J13: =IF(H13<>"","✔","")
G14: {=WORKDAY(H14,-VLOOKUP(E14,エリア!A:B,2,FALSE),_xlfn._xlws.FILTER(カレンダ!A:A,カレンダ!B:B="×"))} -> #N/A | J14: =IF(H14<>"","✔","")
... G26: {=WORKDAY(H26,-VLOOKUP(E26,エリア!A:B,2,FALSE),_xlfn._xlws.FILTER(カレンダ!A:A,カレンダ!B:B="×"))} -> #N/A | J26: =IF(H26<>"","✔","")
J27: =IF(H27<>"","✔","")
J28: =IF(H28<>"","✔","")
J29: =IF(H29<>"","✔","")
J30: =IF(H30<>"","✔","")
J31: =IF(H31<>"","✔","")
J32: =IF(H32<>"","✔","")
J33: =IF(H33<>"","✔","")
J34: =IF(H34<>"","✔","")
J35: =IF(H35<>"","✔","")
J36: =IF(H36<>"","✔","")
J37: =IF(H37<>"","✔","")
J38: =IF(H38<>"","✔","")
... J50: =IF(H50<>"","✔","")

Sheet カレンダ
A1: 日付 | B1: 出荷 | C1: 輸送 | D1: 曜日
A2: 46216 | B2: ○ | C2: ○ | D2: 月
A3: 46217 | B3: ○ | C3: ○ | D3: 火
A4: 46218 | B4: ○ | C4: ○ | D4: 水
A5: 46219 | B5: ○ | C5: ○ | D5: 木
A6: 46220 | B6: ○ | C6: ○ | D6: 金
A7: 46221 | B7: × | C7: ○ | D7: 土
A8: 46222 | B8: × | C8: × | D8: 日
A9: 46223 | B9: × | C9: × | D9: 月
A10: 46224 | B10: ○ | C10: ○ | D10: 火
A11: 46225 | B11: ○ | C11: ○ | D11: 水
A12: 46226 | B12: ○ | C12: ○ | D12: 木
A13: 46227 | B13: ○ | C13: ○ | D13: 金
... A307: 46477 | B307: ○ | C307: ○ | D307: 水

Sheet エリア
A1: 都道府県 | B1: 配達日数
A2: 北海道 | B2: 3
A3: 青森 | B3: 2
A4: 秋田 | B4: 2
A5: 岩手 | B5: 2
A6: 宮城 | B6: 2
A7: 福島 | B7: 2
A8: 山形 | B8: 2
A9: 新潟 | B9: 2
A10: 長野 | B10: 1
A11: 富山 | B11: 1
A12: 福井 | B12: 1
A13: 石川 | B13: 1
... A48: 沖縄 | B48: 3

Sheet Sheet1
C2: 東 | D2: 520 | E2: 秋田 | G2: {=WORKDAY(H2,-VLOOKUP(E2,エリア!A:B,2,FALSE),_xlfn._xlws.FILTER(カレンダ!A:A,カレンダ!B:B="×"))} -> 46260 | H2: 46262
D3: 521 | E3: 秋田 | G3: {=WORKDAY(H3,-VLOOKUP(E3,エリア!A:B,2,FALSE),_xlfn._xlws.FILTER(カレンダ!A:A,カレンダ!B:B="×"))} -> 46253 | H3: 46255
D4: 522 | E4: 長野 | G4: {=WORKDAY(H4,-VLOOKUP(E4,エリア!A:B,2,FALSE),_xlfn._xlws.FILTER(カレンダ!A:A,カレンダ!B:B="×"))} -> 46239 | H4: 46240
D5: 523 | E5: 福島 | G5: {=WORKDAY(H5,-VLOOKUP(E5,エリア!A:B,2,FALSE),_xlfn._xlws.FILTER(カレンダ!A:A,カレンダ!B:B="×"))} -> 46272 | H5: 46274
G6: {=WORKDAY(H6,-VLOOKUP(E6,エリア!A:B,2,FALSE),_xlfn._xlws.FILTER(カレンダ!A:A,カレンダ!B:B="×"))} -> #N/A
G7: {=WORKDAY(H7,-VLOOKUP(E7,エリア!A:B,2,FALSE),_xlfn._xlws.FILTER(カレンダ!A:A,カレンダ!B:B="×"))} -> #N/A
G8: {=WORKDAY(H8,-VLOOKUP(E8,エリア!A:B,2,FALSE),_xlfn._xlws.FILTER(カレンダ!A:A,カレンダ!B:B="×"))} -> #N/A
A10: 1 | D10: 536 | E10: 福井 | G10: {=WORKDAY(H10,-VLOOKUP(E10,エリア!A:B,2,FALSE),_xlfn._xlws.FILTER(カレンダ!A:A,カレンダ!B:B="×"))} -> 46262 | H10: 46265
A11: 2 | D11: 537 | E11: 滋賀 | G11: {=WORKDAY(H11,-VLOOKUP(E11,エリア!A:B,2,FALSE),_xlfn._xlws.FILTER(カレンダ!A:A,カレンダ!B:B="×"))} -> 46282 | H11: 46283
A12: 3 | B12: 300 | D12: 538 | E12: 岐阜 | G12: {=WORKDAY(H12,-VLOOKUP(E12,エリア!A:B,2,FALSE),_xlfn._xlws.FILTER(カレンダ!A:A,カレンダ!B:B="×"))} -> 46266 | H12: 46267
A13: 4 | D13: 539 | E13: 岡山 | G13: {=WORKDAY(H13,-VLOOKUP(E13,エリア!A:B,2,FALSE),_xlfn._xlws.FILTER(カレンダ!A:A,カレンダ!B:B="×"))} -> 46314 | H13: 46316
A14: 5 | C14: 大 | D14: 540 | E14: 岐阜 | G14: {=WORKDAY(H14,-VLOOKUP(E14,エリア!A:B,2,FALSE),_xlfn._xlws.FILTER(カレンダ!A:A,カレンダ!B:B="×"))} -> 46217 | H14: 46218
A15: 6 | D15: 541 | E15: 福井 | G15: {=WORKDAY(H15,-VLOOKUP(E15,エリア!A:B,2,FALSE),_xlfn._xlws.FILTER(カレンダ!A:A,カレンダ!B:B="×"))} -> 46274 | H15: 46275
A16: 7 | D16: 542 | E16: 福井 | G16: {=WORKDAY(H16,-VLOOKUP(E16,エリア!A:B,2,FALSE),_xlfn._xlws.FILTER(カレンダ!A:A,カレンダ!B:B="×"))} -> 46253 | H16: 46254
A17: 8 | B17: 300 | D17: 543 | E17: 福井 | G17: {=WORKDAY(H17,-VLOOKUP(E17,エリア!A:B,2,FALSE),_xlfn._xlws.FILTER(カレンダ!A:A,カレンダ!B:B="×"))} -> 46296 | H17: 46297
A18: 9 | D18: 544 | E18: 福井 | G18: {=WORKDAY(H18,-VLOOKUP(E18,エリア!A:B,2,FALSE),_xlfn._xlws.FILTER(カレンダ!A:A,カレンダ!B:B="×"))} -> 46269 | H18: 46272
A19: 10 | D19: 545 | E19: 福岡 | G19: {=WORKDAY(H19,-VLOOKUP(E19,エリア!A:B,2,FALSE),_xlfn._xlws.FILTER(カレンダ!A:A,カレンダ!B:B="×"))} -> 46232 | H19: 46234
A20: 11 | D20: 546 | E20: 京都 | G20: {=WORKDAY(H20,-VLOOKUP(E20,エリア!A:B,2,FALSE),_xlfn._xlws.FILTER(カレンダ!A:A,カレンダ!B:B="×"))} -> 46239 | H20: 46240
A21: 12 | D21: 547 | E21: 大阪 | G21: {=WORKDAY(H21,-VLOOKUP(E21,エリア!A:B,2,FALSE),_xlfn._xlws.FILTER(カレンダ!A:A,カレンダ!B:B="×"))} -> 46252 | H21: 46253
A22: 13 | D22: 548 | E22: 愛知 | G22: {=WORKDAY(H22,-VLOOKUP(E22,エリア!A:B,2,FALSE),_xlfn._xlws.FILTER(カレンダ!A:A,カレンダ!B:B="×"))} -> 46322 | H22: 46323
A23: 14 | D23: 549 | E23: 岐阜 | G23: {=WORKDAY(H23,-VLOOKUP(E23,エリア!A:B,2,FALSE),_xlfn._xlws.FILTER(カレンダ!A:A,カレンダ!B:B="×"))} -> 46261 | H23: 46262
G24: {=WORKDAY(H24,-VLOOKUP(E24,エリア!A:B,2,FALSE),_xlfn._xlws.FILTER(カレンダ!A:A,カレンダ!B:B="×"))} -> #N/A
D25: 550 | E25: 富山 | G25: {=WORKDAY(H25,-VLOOKUP(E25,エリア!A:B,2,FALSE),_xlfn._xlws.FILTER(カレンダ!A:A,カレンダ!B:B="×"))} -> 46282 | H25: 46283
D26: 551 | E26: 愛媛 | G26: {=WORKDAY(H26,-VLOOKUP(E26,エリア!A:B,2,FALSE),_xlfn._xlws.FILTER(カレンダ!A:A,カレンダ!B:B="×"))} -> 46260 | H26: 46262
